<?xml version="1.0" encoding="UTF-8"?>
<lint>
    <!-- Modify some severity -->

    <!-- Resource -->
    <issue id="MissingTranslation" severity="warning" />
    <issue id="TypographyEllipsis" severity="error" />
    <issue id="ImpliedQuantity" severity="warning" />

    <!-- UX -->
    <issue id="ButtonOrder" severity="error" />

    <!-- Layout -->
    <issue id="StringFormatCount" severity="error" />
    <issue id="HardcodedText" severity="error" />
    <issue id="SpUsage" severity="error" />
    <issue id="ObsoleteLayoutParam" severity="error" />
    <issue id="InefficientWeight" severity="error" />
    <issue id="DisableBaselineAlignment" severity="error" />
    <issue id="ScrollViewSize" severity="error" />

    <!-- RTL -->
    <issue id="RtlEnabled" severity="error" />
    <issue id="RtlHardcoded" severity="error" />
    <issue id="RtlSymmetry" severity="error" />

    <!-- Code -->
    <issue id="SetTextI18n" severity="error" />
    <issue id="ViewConstructor" severity="error" />
    <issue id="UseValueOf" severity="error" />

    <!-- Ignore issue introduced by the Jitsi lib -->
    <issue id="InvalidPackage">
        <ignore path="**/dropbox-core-sdk*.jar" />
    </issue>

    <!-- Ignore issue with gradle compatilility, because we can use core-ktx.
     No other androidx library are used in this project (except the workmanager) -->
    <issue id="GradleCompatible" severity="warning" />

</lint>
